,Actual,S,I,R
4/10/03,0.21148953068592058,13499.000074068588,0.9999259314124879,0.0
4/11/03,0.2244162454873646,13499.000074058673,0.98306190629524,0.016864035031213732
4/12/03,0.23479999999999998,13499.000074048927,0.9664822974727793,0.033443653600438765
4/14/03,0.2521768953068592,13499.000074039344,0.9501823087970815,0.049743651858518506
4/15/03,0.2610772563176895,13499.000074029924,0.9341572239618826,0.06576874611448988
4/16/03,0.2687061371841155,13499.000074020661,0.9184024060302004,0.08152357330806109
4/17/03,0.27485162454873646,13499.000074011556,0.9029132970915866,0.09701269135235983
4/18/03,0.2877783393501805,13499.000074002603,0.8876854169726223,0.11224058042343865
4/19/03,0.2877783393501805,13499.000073993802,0.872714359634142,0.12721164656305334
